PlaylistName,CollaborativePlaylist,SongName,AddedBy,Artist,Feature1,Feature2,Feature3,Feature4,Feature5
wistful ,False,Heavy,1261707344,The MarÃ­as,NaN,NaN,NaN,NaN,NaN
wistful ,False,Kingston,1261707344,Faye Webster,NaN,NaN,NaN,NaN,NaN
wistful ,False,"I Love You, I'm Sorry",1261707344,Gracie Abrams,NaN,NaN,NaN,NaN,NaN
wistful ,False,A New Kind Of Love - Demo,1261707344,Frou Frou,Imogen Heap,Guy Sigsworth,NaN,NaN,NaN
wistful ,False,Hello?,1261707344,Clairo,Rejjie Snow,NaN,NaN,NaN,NaN
wistful ,False,In A Good Way,1261707344,Faye Webster,NaN,NaN,NaN,NaN,NaN
wistful ,False,Softly,1261707344,Clairo,NaN,NaN,NaN,NaN,NaN
wistful ,False,Right Side of My Neck,1261707344,Faye Webster,NaN,NaN,NaN,NaN,NaN
wistful ,False,Show Me How,1261707344,Men I Trust,NaN,NaN,NaN,NaN,NaN
wistful ,False,Bags,1261707344,Clairo,NaN,NaN,NaN,NaN,NaN
wistful ,False,Juna,1261707344,Clairo,NaN,NaN,NaN,NaN,NaN
wistful ,False,Mrs Magic,1261707344,Strawberry Guy,NaN,NaN,NaN,NaN,NaN
wistful ,False,Good Looking,1261707344,Suki Waterhouse,NaN,NaN,NaN,NaN,NaN
wistful ,False,I Know You,1261707344,Faye Webster,NaN,NaN,NaN,NaN,NaN
fallğŸ‚,False,September - Instrumental,1261707344,Goomp,NaN,NaN,NaN,NaN,NaN
fallğŸ‚,False,Insomniac,1261707344,Memo Boy,Chakra Efendi,NaN,NaN,NaN,NaN
fallğŸ‚,False,Brian is the Most Beautiful,1261707344,Memo Boy,NaN,NaN,NaN,NaN,NaN
fallğŸ‚,False,Sweater Weather,1261707344,The Neighbourhood,NaN,NaN,NaN,NaN,NaN
fallğŸ‚,False,Wicked Game,1261707344,Chris Isaak,NaN,NaN,NaN,NaN,NaN
fallğŸ‚,False,1979 - Remastered 2012,1261707344,The Smashing Pumpkins,NaN,NaN,NaN,NaN,NaN
fallğŸ‚,False,She,1261707344,"Tyler, The Creator",Frank Ocean,NaN,NaN,NaN,NaN
fallğŸ‚,False,Rosyln,1261707344,Bon Iver,St. Vincent,NaN,NaN,NaN,NaN
fallğŸ‚,False,Telephones,1261707344,Vacations,NaN,NaN,NaN,NaN,NaN
fallğŸ‚,False,(Don't Fear) The Reaper,1261707344,Blue Ã–yster Cult,NaN,NaN,NaN,NaN,NaN
fallğŸ‚,False,September,1261707344,"Earth, Wind & Fire",NaN,NaN,NaN,NaN,NaN
fallğŸ‚,False,Her,1261707344,The American Dawn,NaN,NaN,NaN,NaN,NaN
ğŸŒ,False,"After The Storm (feat. Tyler, The Creator & Bootsy Collins)",1261707344,Kali Uchis,"Tyler, The Creator",Bootsy Collins,NaN,NaN,NaN
ğŸŒ,False,Moonlight,1261707344,Kali Uchis,NaN,NaN,NaN,NaN,NaN
ğŸŒ,False,Something About You,1261707344,Eyedress,Dent May,NaN,NaN,NaN,NaN
ğŸŒ,False,telepatÃ­a,1261707344,Kali Uchis,NaN,NaN,NaN,NaN,NaN
ğŸŒ,False,See You Again (feat. Kali Uchis),1261707344,"Tyler, The Creator",Kali Uchis,NaN,NaN,NaN,NaN
ğŸŒ,False,Lovers Rock,1261707344,TV Girl,NaN,NaN,NaN,NaN,NaN
ğŸŒ,False,Cigarettes out the Window,1261707344,TV Girl,NaN,NaN,NaN,NaN,NaN
ğŸŒ,False,She,1261707344,"Tyler, The Creator",Frank Ocean,NaN,NaN,NaN,NaN
ğŸŒ,False,EARFQUAKE,1261707344,"Tyler, The Creator",NaN,NaN,NaN,NaN,NaN
ğŸŒ,False,In My Room,1261707344,Frank Ocean,NaN,NaN,NaN,NaN,NaN
ğŸŒ,False,Potato Salad,1261707344,"Tyler, The Creator",A$AP Rocky,NaN,NaN,NaN,NaN
ğŸŒ,False,SMUCKERS (feat. Lil Wayne & Kanye West),1261707344,"Tyler, The Creator",Lil Wayne,Kanye West,NaN,NaN,NaN
ğŸŒ,False,Sundress,1261707344,A$AP Rocky,NaN,NaN,NaN,NaN,NaN
ğŸŒ,False,Who Dat Boy (feat. A$AP Rocky),1261707344,"Tyler, The Creator",A$AP Rocky,NaN,NaN,NaN,NaN
ğŸŒ,False,Dark Red,1261707344,Steve Lacy,NaN,NaN,NaN,NaN,NaN
ğŸŒ,False,Shut up My Moms Calling,1261707344,Hotel Ugly,NaN,NaN,NaN,NaN,NaN
ğŸŒ,False,In My Head,1261707344,Bedroom,NaN,NaN,NaN,NaN,NaN
ğŸŒ,False,My Kind of Woman,1261707344,Mac DeMarco,NaN,NaN,NaN,NaN,NaN
ğŸŒ,False,Moonlight on the River,1261707344,Mac DeMarco,NaN,NaN,NaN,NaN,NaN
ğŸŒ,False,Not Allowed,1261707344,TV Girl,NaN,NaN,NaN,NaN,NaN
ğŸŒ,False,Just the Two of Us (feat. Bill Withers),1261707344,"Grover Washington, Jr.",Bill Withers,NaN,NaN,NaN,NaN
gym in a rap mood,False,Stronger,1261707344,Kanye West,NaN,NaN,NaN,NaN,NaN
gym in a rap mood,False,Passionfruit,1261707344,Drake,NaN,NaN,NaN,NaN,NaN
gym in a rap mood,False,I KNOW ?,1261707344,Travis Scott,NaN,NaN,NaN,NaN,NaN
gym in a rap mood,False,Drip Too Hard (Lil Baby & Gunna),1261707344,Lil Baby,Gunna,NaN,NaN,NaN,NaN
gym in a rap mood,False,Work Out,1261707344,J. Cole,NaN,NaN,NaN,NaN,NaN
gym in a rap mood,False,Going Bad (feat. Drake),1261707344,Meek Mill,Drake,NaN,NaN,NaN,NaN
gym in a rap mood,False,Startender (feat. Offset and Tyga),1261707344,A Boogie Wit da Hoodie,Tyga,Offset,NaN,NaN,NaN
gym in a rap mood,False,Nonstop,1261707344,Drake,NaN,NaN,NaN,NaN,NaN
gym in a rap mood,False,Ni**as In Paris,1261707344,JAY-Z,Kanye West,NaN,NaN,NaN,NaN
gym in a rap mood,False,NOSTYLIST,1261707344,Destroy Lonely,NaN,NaN,NaN,NaN,NaN
gym in a rap mood,False,Dreams and Nightmares,1261707344,Meek Mill,NaN,NaN,NaN,NaN,NaN
gym in a rap mood,False,Pt. 2,1261707344,Kanye West,NaN,NaN,NaN,NaN,NaN
gym in a rap mood,False,No Friends In The Industry,1261707344,Drake,NaN,NaN,NaN,NaN,NaN
gym in a rap mood,False,Antidote,1261707344,Travis Scott,NaN,NaN,NaN,NaN,NaN
gym in a rap mood,False,All Mine,1261707344,Kanye West,NaN,NaN,NaN,NaN,NaN
gym in a rap mood,False,Forever,1261707344,Drake,Kanye West,Lil Wayne,Eminem,NaN,NaN
gym in a rap mood,False,Homecoming,1261707344,Kanye West,Chris Martin,NaN,NaN,NaN,NaN
gym in a rap mood,False,Can't Tell Me Nothing,1261707344,Kanye West,NaN,NaN,NaN,NaN,NaN
gym in a rap mood,False,CAN'T SAY,1261707344,Travis Scott,NaN,NaN,NaN,NaN,NaN
gym in a rap mood,False,Sky,1261707344,Playboi Carti,NaN,NaN,NaN,NaN,NaN
gym in a rap mood,False,No Role Modelz,1261707344,J. Cole,NaN,NaN,NaN,NaN,NaN
gym in a rap mood,False,Love Sosa,1261707344,Chief Keef,NaN,NaN,NaN,NaN,NaN
gym in a rap mood,False,Money Trees,1261707344,Kendrick Lamar,Jay Rock,NaN,NaN,NaN,NaN
gym in a rap mood,False,SICKO MODE,1261707344,Travis Scott,NaN,NaN,NaN,NaN,NaN
gym in a rap mood,False,Heartless,1261707344,Kanye West,NaN,NaN,NaN,NaN,NaN
gym in a rap mood,False,Swimming Pools (Drank),1261707344,Kendrick Lamar,NaN,NaN,NaN,NaN,NaN
gym in a rap mood,False,Collard Greens,1261707344,ScHoolboy Q,Kendrick Lamar,NaN,NaN,NaN,NaN
gym in a rap mood,False,All Falls Down,1261707344,Kanye West,Syleena Johnson,NaN,NaN,NaN,NaN
gym in a rap mood,False,TELEKINESIS (feat. SZA & Future),1261707344,Travis Scott,SZA,Future,NaN,NaN,NaN
gym in a rap mood,False,Headlines,1261707344,Drake,NaN,NaN,NaN,NaN,NaN
gym in a rap mood,False,Famous,1261707344,Kanye West,NaN,NaN,NaN,NaN,NaN
gym in a rap mood,False,You Know How We Do It,1261707344,Ice Cube,NaN,NaN,NaN,NaN,NaN
gym in a rap mood,False,Hood Gone Love It (feat. Kendrick Lamar),1261707344,Jay Rock,Kendrick Lamar,NaN,NaN,NaN,NaN
gym in a rap mood,False,Life We Live (feat. Namond Lumpkin & Edgar Fletcher),1261707344,Project Pat,Namond Lumpkin,Edgar Fletcher,NaN,NaN,NaN
gym in a rap mood,False,Wet Dreamz,1261707344,J. Cole,NaN,NaN,NaN,NaN,NaN
gym in a rap mood,False,Bound 2,1261707344,Kanye West,NaN,NaN,NaN,NaN,NaN
gym in a rap mood,False,Love Me,1261707344,Lil Wayne,Drake,Future,NaN,NaN,NaN
gym in a rap mood,False,Plain Jane,1261707344,A$AP Ferg,NaN,NaN,NaN,NaN,NaN
gym in a rap mood,False,Watch This - ARIZONATEARS Pluggnb Remix,1261707344,Lil Uzi Vert,sped up nightcore,ARIZONATEARS,NaN,NaN,NaN
gym in a rap mood,False,CAROUSEL,1261707344,Travis Scott,NaN,NaN,NaN,NaN,NaN
gym in a rap mood,False,"Something to Rap About (feat. Tyler, The Creator)",1261707344,Freddie Gibbs,The Alchemist,"Tyler, The Creator",NaN,NaN,NaN
gym in a rap mood,False,151 Rum,1261707344,JID,NaN,NaN,NaN,NaN,NaN
gym in a rap mood,False,KOD,1261707344,J. Cole,NaN,NaN,NaN,NaN,NaN
gym in a rap mood,False,Babushka Boi,1261707344,A$AP Rocky,NaN,NaN,NaN,NaN,NaN
gym in a rap mood,False,Who Dat Boy (feat. A$AP Rocky),1261707344,"Tyler, The Creator",A$AP Rocky,NaN,NaN,NaN,NaN
gym in a rap mood,False,Look Back at It,1261707344,A Boogie Wit da Hoodie,NaN,NaN,NaN,NaN,NaN
gym in a rap mood,False,No Problem (feat. Lil Wayne & 2 Chainz),1261707344,Chance the Rapper,Lil Wayne,2 Chainz,NaN,NaN,NaN
gym in a rap mood,False,SMUCKERS (feat. Lil Wayne & Kanye West),1261707344,"Tyler, The Creator",Lil Wayne,Kanye West,NaN,NaN,NaN
gym in a rap mood,False,Ric Flair Drip (with Metro Boomin),1261707344,Offset,Metro Boomin,NaN,NaN,NaN,NaN
gym in a rap mood,False,20 Min,1261707344,Lil Uzi Vert,NaN,NaN,NaN,NaN,NaN
gym in a rap mood,False,24,1261707344,IDK,NaN,NaN,NaN,NaN,NaN
gym in a rap mood,False,Took Her To The O,1261707344,King Von,NaN,NaN,NaN,NaN,NaN
gym in a rap mood,False,Fire Burning,1261707344,Sean Kingston,NaN,NaN,NaN,NaN,NaN
gym in a rap mood,False,Low (feat. T-Pain),1261707344,Flo Rida,T-Pain,NaN,NaN,NaN,NaN
gym in a rap mood,False,You Make Me Feel... (feat. Sabi),1261707344,Cobra Starship,Sabi,NaN,NaN,NaN,NaN
gym in a rap mood,False,Only Girl (In The World),1261707344,Rihanna,NaN,NaN,NaN,NaN,NaN
gym in a rap mood,False,IDGAF (feat. Yeat),1261707344,Drake,Yeat,NaN,NaN,NaN,NaN
gym in a rap mood,False,ORANGE SODA,1261707344,Baby Keem,NaN,NaN,NaN,NaN,NaN
happy emoji ,False,Stolen Dance,1261707344,Milky Chance,NaN,NaN,NaN,NaN,NaN
happy emoji ,False,Breezeblocks,1261707344,alt-J,NaN,NaN,NaN,NaN,NaN
happy emoji ,False,Undercover Martyn,1261707344,Two Door Cinema Club,NaN,NaN,NaN,NaN,NaN
happy emoji ,False,What You Know,1261707344,Two Door Cinema Club,NaN,NaN,NaN,NaN,NaN
happy emoji ,False,Riptide,1261707344,Vance Joy,NaN,NaN,NaN,NaN,NaN
happy emoji ,False,Little Talks,1261707344,Of Monsters and Men,NaN,NaN,NaN,NaN,NaN
happy emoji ,False,Out of My League,1261707344,Fitz and The Tantrums,NaN,NaN,NaN,NaN,NaN
happy emoji ,False,Safe And Sound,1261707344,Capital Cities,NaN,NaN,NaN,NaN,NaN
happy emoji ,False,Float On,1261707344,Modest Mouse,NaN,NaN,NaN,NaN,NaN
happy emoji ,False,Money,1261707344,The Drums,NaN,NaN,NaN,NaN,NaN
happy emoji ,False,Dirty Paws,1261707344,Of Monsters and Men,NaN,NaN,NaN,NaN,NaN
happy emoji ,False,A Beginner's Guide to Destroying the Moon,1261707344,Foster The People,NaN,NaN,NaN,NaN,NaN
happy emoji ,False,Flashed Junk Mind,1261707344,Milky Chance,NaN,NaN,NaN,NaN,NaN
happy emoji ,False,"Sex, Drugs, Etc.",1261707344,Beach Weather,NaN,NaN,NaN,NaN,NaN
happy emoji ,False,Two Weeks,1261707344,Grizzly Bear,NaN,NaN,NaN,NaN,NaN
happy emoji ,False,Synchronize,1261707344,Milky Chance,NaN,NaN,NaN,NaN,NaN
happy emoji ,False,Angela,1261707344,The Lumineers,NaN,NaN,NaN,NaN,NaN
happy emoji ,False,California Dreamin' - Single Version,1261707344,The Mamas & The Papas,NaN,NaN,NaN,NaN,NaN
happy emoji ,False,What Once Was,1261707344,Her's,NaN,NaN,NaN,NaN,NaN
happy emoji ,False,Island In The Sun,1261707344,Weezer,NaN,NaN,NaN,NaN,NaN
happy emoji ,False,The Adults Are Talking,1261707344,The Strokes,NaN,NaN,NaN,NaN,NaN
happy emoji ,False,Rhinestone Eyes,1261707344,Gorillaz,NaN,NaN,NaN,NaN,NaN
happy emoji ,False,Let It Happen,1261707344,Tame Impala,NaN,NaN,NaN,NaN,NaN
happy emoji ,False,Where Is My Mind? - 2007 Remaster,1261707344,Pixies,NaN,NaN,NaN,NaN,NaN
happy emoji ,False,Take Me Out,1261707344,Franz Ferdinand,NaN,NaN,NaN,NaN,NaN
happy emoji ,False,Clint Eastwood,1261707344,Gorillaz,NaN,NaN,NaN,NaN,NaN
happy emoji ,False,Brandy (You're a Fine Girl),1261707344,Looking Glass,NaN,NaN,NaN,NaN,NaN
happy emoji ,False,Eyes Without A Face,1261707344,Billy Idol,NaN,NaN,NaN,NaN,NaN
happy emoji ,False,Marcel,1261707344,Her's,NaN,NaN,NaN,NaN,NaN
4jever,False,Without You (feat. Usher),1261707344,David Guetta,USHER,NaN,NaN,NaN,NaN
4jever,False,There Is a Light That Never Goes Out - 2011 Remaster,1261707344,The Smiths,NaN,NaN,NaN,NaN,NaN
4jever,False,Party In The U.S.A.,1261707344,Miley Cyrus,NaN,NaN,NaN,NaN,NaN
4jever,False,It Will Rain,jurinagata16,Bruno Mars,NaN,NaN,NaN,NaN,NaN
4jever,False,Bad Habits,jurinagata16,Ed Sheeran,NaN,NaN,NaN,NaN,NaN
4jever,False,What Makes You Beautiful,jurinagata16,One Direction,NaN,NaN,NaN,NaN,NaN
4jever,False,Stereo Hearts (feat. Adam Levine),1261707344,Gym Class Heroes,Adam Levine,NaN,NaN,NaN,NaN
4jever,False,Toxic,1261707344,Britney Spears,NaN,NaN,NaN,NaN,NaN
4jever,False,Still into You,1261707344,Paramore,NaN,NaN,NaN,NaN,NaN
4jever,False,505,jurinagata16,Arctic Monkeys,NaN,NaN,NaN,NaN,NaN
4jever,False,Perfect,jurinagata16,Ed Sheeran,NaN,NaN,NaN,NaN,NaN
4jever,False,Love Story,jurinagata16,Taylor Swift,NaN,NaN,NaN,NaN,NaN
4jever,False,In My Blood,jurinagata16,Shawn Mendes,NaN,NaN,NaN,NaN,NaN
4jever,False,Heartbreak Anniversary,jurinagata16,Giveon,NaN,NaN,NaN,NaN,NaN
4jever,False,Safe And Sound,jurinagata16,Capital Cities,NaN,NaN,NaN,NaN,NaN
4jever,False,like i need u,jurinagata16,keshi,NaN,NaN,NaN,NaN,NaN
4jever,False,beside you,jurinagata16,keshi,NaN,NaN,NaN,NaN,NaN
4jever,False,drunk,jurinagata16,keshi,NaN,NaN,NaN,NaN,NaN
4jever,False,good 4 u,jurinagata16,Olivia Rodrigo,NaN,NaN,NaN,NaN,NaN
4jever,False,Timber,jurinagata16,Pitbull,Kesha,NaN,NaN,NaN,NaN
4jever,False,Pumped Up Kicks,jurinagata16,Foster The People,NaN,NaN,NaN,NaN,NaN
4jever,False,California Gurls,jurinagata16,Katy Perry,Snoop Dogg,NaN,NaN,NaN,NaN
4jever,False,Last Friday Night (T.G.I.F.),jurinagata16,Katy Perry,NaN,NaN,NaN,NaN,NaN
4jever,False,Die Young,1261707344,Kesha,NaN,NaN,NaN,NaN,NaN
4jever,False,Dreams - 2004 Remaster,1261707344,Fleetwood Mac,NaN,NaN,NaN,NaN,NaN
4jever,False,Bad Habit,1261707344,Steve Lacy,NaN,NaN,NaN,NaN,NaN
4jever,False,Misery Business,1261707344,Paramore,NaN,NaN,NaN,NaN,NaN
4jever,False,Hips Don't Lie (feat. Wyclef Jean),1261707344,Shakira,Wyclef Jean,NaN,NaN,NaN,NaN
4jever,False,Magic,1261707344,One Direction,NaN,NaN,NaN,NaN,NaN
4jever,False,Everybody Talks,1261707344,Neon Trees,NaN,NaN,NaN,NaN,NaN
4jever,False,Sparks Fly,1261707344,Taylor Swift,NaN,NaN,NaN,NaN,NaN
4jever,False,Disturbia,1261707344,Rihanna,NaN,NaN,NaN,NaN,NaN
4jever,False,Dancing in the Moonlight,1261707344,Toploader,NaN,NaN,NaN,NaN,NaN
4jever,False,Unwritten,1261707344,Natasha Bedingfield,NaN,NaN,NaN,NaN,NaN
4jever,False,Feel So Close - Radio Edit,1261707344,Calvin Harris,NaN,NaN,NaN,NaN,NaN
4jever,False,Shut Up and Dance,jurinagata16,WALK THE MOON,NaN,NaN,NaN,NaN,NaN
4jever,False,The One That Got Away,jurinagata16,Katy Perry,NaN,NaN,NaN,NaN,NaN
4jever,False,Somebody To You,jurinagata16,The Vamps,Demi Lovato,NaN,NaN,NaN,NaN
4jever,False,Like I Can,jurinagata16,Sam Smith,NaN,NaN,NaN,NaN,NaN
4jever,False,Baby,jurinagata16,Justin Bieber,Ludacris,NaN,NaN,NaN,NaN
4jever,False,Best Song Ever,jurinagata16,One Direction,NaN,NaN,NaN,NaN,NaN
4jever,False,Accidentally In Love,1261707344,Counting Crows,NaN,NaN,NaN,NaN,NaN
4jever,False,Savin' Me,1261707344,Nickelback,NaN,NaN,NaN,NaN,NaN
4jever,False,Enchanted,1261707344,Taylor Swift,NaN,NaN,NaN,NaN,NaN
4jever,False,Still into You,jurinagata16,Julia Sheer,NaN,NaN,NaN,NaN,NaN
4jever,False,How to Save a Life,jurinagata16,The Fray,NaN,NaN,NaN,NaN,NaN
4jever,False,Conversations in the Dark,jurinagata16,John Legend,NaN,NaN,NaN,NaN,NaN
4jever,False,Just the Way You Are,jurinagata16,Bruno Mars,NaN,NaN,NaN,NaN,NaN
4jever,False,Life Of The Party,jurinagata16,Shawn Mendes,NaN,NaN,NaN,NaN,NaN
4jever,False,High Hopes,jurinagata16,Panic! At The Disco,NaN,NaN,NaN,NaN,NaN
4jever,False,As It Was,jurinagata16,Harry Styles,NaN,NaN,NaN,NaN,NaN
4jever,False,Under the Bridge,1261707344,Red Hot Chili Peppers,NaN,NaN,NaN,NaN,NaN
4jever,False,Semi-Charmed Life,1261707344,Third Eye Blind,NaN,NaN,NaN,NaN,NaN
4jever,False,All The Small Things,1261707344,blink-182,NaN,NaN,NaN,NaN,NaN
4jever,False,Good Days,1261707344,SZA,NaN,NaN,NaN,NaN,NaN
4jever,False,I Ain't Worried,1261707344,OneRepublic,NaN,NaN,NaN,NaN,NaN
4jever,False,Sunroof,jurinagata16,Nicky Youre,dazy,NaN,NaN,NaN,NaN
4jever,False,Dandelions - slowed + reverb,jurinagata16,Ruth B.,sped up + slowed,slater,NaN,NaN,NaN
4jever,False,Glimpse of Us,jurinagata16,Joji,NaN,NaN,NaN,NaN,NaN
4jever,False,Mundo,jurinagata16,IV Of Spades,NaN,NaN,NaN,NaN,NaN
4jever,False,Buwan,jurinagata16,juan karlos,NaN,NaN,NaN,NaN,NaN
4jever,False,Habang Buhay,jurinagata16,Zack Tabudlo,NaN,NaN,NaN,NaN,NaN
4jever,False,Float On,1261707344,Modest Mouse,NaN,NaN,NaN,NaN,NaN
4jever,False,Promiscuous,1261707344,Nelly Furtado,Timbaland,NaN,NaN,NaN,NaN
4jever,False,These Words,1261707344,Natasha Bedingfield,NaN,NaN,NaN,NaN,NaN
4jever,False,Drops of Jupiter (Tell Me),1261707344,Train,NaN,NaN,NaN,NaN,NaN
4jever,False,Steal My Girl,jurinagata16,One Direction,NaN,NaN,NaN,NaN,NaN
4jever,False,She Looks So Perfect,jurinagata16,5 Seconds of Summer,NaN,NaN,NaN,NaN,NaN
4jever,False,Best Day Of My Life,jurinagata16,American Authors,NaN,NaN,NaN,NaN,NaN
4jever,False,Cloud 9,jurinagata16,Beach Bunny,NaN,NaN,NaN,NaN,NaN
4jever,False,Apple Cider,jurinagata16,beabadoobee,NaN,NaN,NaN,NaN,NaN
4jever,False,River Flows In You,jurinagata16,Yiruma,NaN,NaN,NaN,NaN,NaN
4jever,False,"My Heart Will Go On - Love Theme from ""Titanic""",jurinagata16,CÃ©line Dion,NaN,NaN,NaN,NaN,NaN
4jever,False,Going Home,jurinagata16,The Score,NaN,NaN,NaN,NaN,NaN
4jever,False,Change My Mind,jurinagata16,Peach Tree Rascals,NaN,NaN,NaN,NaN,NaN
4jever,False,Silver Tongues,jurinagata16,Louis Tomlinson,NaN,NaN,NaN,NaN,NaN
4jever,False,A Sky Full of Stars,1261707344,Coldplay,NaN,NaN,NaN,NaN,NaN
4jever,False,Hymn for the Weekend,1261707344,Coldplay,NaN,NaN,NaN,NaN,NaN
4jever,False,Let Me Love You (Until You Learn To Love Yourself),1261707344,Ne-Yo,NaN,NaN,NaN,NaN,NaN
4jever,False,Why'd You Only Call Me When You're High?,1261707344,Arctic Monkeys,NaN,NaN,NaN,NaN,NaN
4jever,False,Static,1261707344,Steve Lacy,NaN,NaN,NaN,NaN,NaN
4jever,False,Rhiannon,1261707344,Fleetwood Mac,NaN,NaN,NaN,NaN,NaN
4jever,False,Dati,jurinagata16,Tippy Dos Santos,NaN,NaN,NaN,NaN,NaN
4jever,False,AMAZING,jurinagata16,Rex Orange County,NaN,NaN,NaN,NaN,NaN
4jever,False,Here With Me,jurinagata16,d4vd,NaN,NaN,NaN,NaN,NaN
4jever,False,Flowers,jurinagata16,Miley Cyrus,NaN,NaN,NaN,NaN,NaN
4jever,False,Iris,1261707344,The Goo Goo Dolls,NaN,NaN,NaN,NaN,NaN
4jever,False,rockstar (feat. 21 Savage),1261707344,Post Malone,21 Savage,NaN,NaN,NaN,NaN
4jever,False,Trip,1261707344,Ella Mai,NaN,NaN,NaN,NaN,NaN
4jever,False,Tek It,1261707344,CafunÃ©,NaN,NaN,NaN,NaN,NaN
4jever,False,My Own Worst Enemy,1261707344,Lit,NaN,NaN,NaN,NaN,NaN
4jever,False,Me Myself & I,1261707344,5 Seconds of Summer,NaN,NaN,NaN,NaN,NaN
4jever,False,Heartache On The Big Screen,1261707344,5 Seconds of Summer,NaN,NaN,NaN,NaN,NaN
4jever,False,Nobody Compares,1261707344,One Direction,NaN,NaN,NaN,NaN,NaN
4jever,False,Heart Attack,1261707344,One Direction,NaN,NaN,NaN,NaN,NaN
4jever,False,Kill Bill,jurinagata16,SZA,NaN,NaN,NaN,NaN,NaN
4jever,False,Until I Found You (with Em Beihold) - Em Beihold Version,jurinagata16,Stephen Sanchez,Em Beihold,NaN,NaN,NaN,NaN
4jever,False,"Sex, Drugs, Etc.",jurinagata16,Beach Weather,NaN,NaN,NaN,NaN,NaN
4jever,False,golden hour,jurinagata16,JVKE,NaN,NaN,NaN,NaN,NaN
4jever,False,Die For You,jurinagata16,The Weeknd,NaN,NaN,NaN,NaN,NaN
taking a stroll ,False,Losing a Whole Year,1261707344,Third Eye Blind,NaN,NaN,NaN,NaN,NaN
taking a stroll ,False,Savin' Me,1261707344,Nickelback,NaN,NaN,NaN,NaN,NaN
taking a stroll ,False,My Own Worst Enemy,1261707344,Lit,NaN,NaN,NaN,NaN,NaN
taking a stroll ,False,Something In The Way,1261707344,Nirvana,NaN,NaN,NaN,NaN,NaN
taking a stroll ,False,Buddy Holly,1261707344,Weezer,NaN,NaN,NaN,NaN,NaN
taking a stroll ,False,Supermassive Black Hole,1261707344,Muse,NaN,NaN,NaN,NaN,NaN
taking a stroll ,False,No Surprises,1261707344,Radiohead,NaN,NaN,NaN,NaN,NaN
taking a stroll ,False,Hysteria,1261707344,Muse,NaN,NaN,NaN,NaN,NaN
taking a stroll ,False,Where Is My Mind? - 2007 Remaster,1261707344,Pixies,NaN,NaN,NaN,NaN,NaN
taking a stroll ,False,Reptilia,1261707344,The Strokes,NaN,NaN,NaN,NaN,NaN
taking a stroll ,False,Aneurysm,1261707344,Nirvana,NaN,NaN,NaN,NaN,NaN
taking a stroll ,False,This Charming Man - 2011 Remaster,1261707344,The Smiths,NaN,NaN,NaN,NaN,NaN
taking a stroll ,False,Santeria,1261707344,Sublime,NaN,NaN,NaN,NaN,NaN
taking a stroll ,False,Creep,1261707344,Stone Temple Pilots,NaN,NaN,NaN,NaN,NaN
taking a stroll ,False,Undone - The Sweater Song,1261707344,Weezer,NaN,NaN,NaN,NaN,NaN
taking a stroll ,False,505,1261707344,Arctic Monkeys,NaN,NaN,NaN,NaN,NaN
taking a stroll ,False,In Bloom,1261707344,Nirvana,NaN,NaN,NaN,NaN,NaN
taking a stroll ,False,Glycerine - 2014 Remastered,1261707344,Bush,NaN,NaN,NaN,NaN,NaN
taking a stroll ,False,By the Way,1261707344,Red Hot Chili Peppers,NaN,NaN,NaN,NaN,NaN
taking a stroll ,False,All I Think About Now,1261707344,Pixies,NaN,NaN,NaN,NaN,NaN
taking a stroll ,False,My Hero,1261707344,Foo Fighters,NaN,NaN,NaN,NaN,NaN
taking a stroll ,False,Heart-Shaped Box,1261707344,Nirvana,NaN,NaN,NaN,NaN,NaN
taking a stroll ,False,She Needs Him,1261707344,Her's,NaN,NaN,NaN,NaN,NaN
taking a stroll ,False,Zero - Remastered 2012,1261707344,The Smashing Pumpkins,NaN,NaN,NaN,NaN,NaN
taking a stroll ,False,The Man Who Sold The World - Live,1261707344,Nirvana,NaN,NaN,NaN,NaN,NaN
taking a stroll ,False,Sex & Candy,1261707344,Marcy Playground,NaN,NaN,NaN,NaN,NaN
taking a stroll ,False,1979 - Remastered 2012,1261707344,The Smashing Pumpkins,NaN,NaN,NaN,NaN,NaN
taking a stroll ,False,Everlong,1261707344,Foo Fighters,NaN,NaN,NaN,NaN,NaN
taking a stroll ,False,All Apologies,1261707344,Nirvana,NaN,NaN,NaN,NaN,NaN
taking a stroll ,False,Today - 2011 Remaster,1261707344,The Smashing Pumpkins,NaN,NaN,NaN,NaN,NaN
taking a stroll ,False,Interstate Love Song - 2019 Remaster,1261707344,Stone Temple Pilots,NaN,NaN,NaN,NaN,NaN
taking a stroll ,False,Dumb,1261707344,Nirvana,NaN,NaN,NaN,NaN,NaN
taking a stroll ,False,What's My Age Again?,1261707344,blink-182,NaN,NaN,NaN,NaN,NaN
taking a stroll ,False,Hemorrhage (In My Hands),1261707344,Fuel,NaN,NaN,NaN,NaN,NaN
taking a stroll ,False,If You Could Only See,1261707344,Tonic,NaN,NaN,NaN,NaN,NaN
taking a stroll ,False,Love Buzz,1261707344,Nirvana,NaN,NaN,NaN,NaN,NaN
taking a stroll ,False,Say It Ain't So - Original Mix,1261707344,Weezer,NaN,NaN,NaN,NaN,NaN
taking a stroll ,False,Bullet With Butterfly Wings - Remastered 2012,1261707344,The Smashing Pumpkins,NaN,NaN,NaN,NaN,NaN
taking a stroll ,False,Change (In the House of Flies),1261707344,Deftones,NaN,NaN,NaN,NaN,NaN
taking a stroll ,False,Cherry Waves,1261707344,Deftones,NaN,NaN,NaN,NaN,NaN
taking a stroll ,False,My Own Summer (Shove It),1261707344,Deftones,NaN,NaN,NaN,NaN,NaN
taking a stroll ,False,Sextape,1261707344,Deftones,NaN,NaN,NaN,NaN,NaN
taking a stroll ,False,Take Me Out,1261707344,Franz Ferdinand,NaN,NaN,NaN,NaN,NaN
taking a stroll ,False,All My Life,1261707344,Foo Fighters,NaN,NaN,NaN,NaN,NaN
taking a stroll ,False,Scar Tissue,1261707344,Red Hot Chili Peppers,NaN,NaN,NaN,NaN,NaN
taking a stroll ,False,Hash Pipe,1261707344,Weezer,NaN,NaN,NaN,NaN,NaN
taking a stroll ,False,Best of You,1261707344,Foo Fighters,NaN,NaN,NaN,NaN,NaN
taking a stroll ,False,Learn to Fly,1261707344,Foo Fighters,NaN,NaN,NaN,NaN,NaN
taking a stroll ,False,The Pretender,1261707344,Foo Fighters,NaN,NaN,NaN,NaN,NaN
taking a stroll ,False,Walk,1261707344,Pantera,NaN,NaN,NaN,NaN,NaN
taking a stroll ,False,Aerials,1261707344,System Of A Down,NaN,NaN,NaN,NaN,NaN
taking a stroll ,False,I Hate Everything About You,1261707344,Three Days Grace,NaN,NaN,NaN,NaN,NaN
taking a stroll ,False,Under the Bridge,1261707344,Red Hot Chili Peppers,NaN,NaN,NaN,NaN,NaN
taking a stroll ,False,Creep,1261707344,Radiohead,NaN,NaN,NaN,NaN,NaN
taking a stroll ,False,Come Out and Play,1261707344,The Offspring,NaN,NaN,NaN,NaN,NaN
taking a stroll ,False,Gotta Get Away,1261707344,The Offspring,NaN,NaN,NaN,NaN,NaN
taking a stroll ,False,Semi-Charmed Life,1261707344,Third Eye Blind,NaN,NaN,NaN,NaN,NaN
taking a stroll ,False,Jumper - 1998 Edit,1261707344,Third Eye Blind,NaN,NaN,NaN,NaN,NaN
taking a stroll ,False,Never Let You Go - 2008 Remaster,1261707344,Third Eye Blind,NaN,NaN,NaN,NaN,NaN
taking a stroll ,False,Machinehead - Remastered,1261707344,Bush,NaN,NaN,NaN,NaN,NaN
taking a stroll ,False,Comedown - Remastered,1261707344,Bush,NaN,NaN,NaN,NaN,NaN
taking a stroll ,False,Island In The Sun,1261707344,Weezer,NaN,NaN,NaN,NaN,NaN
taking a stroll ,False,Mr. Brightside,1261707344,The Killers,NaN,NaN,NaN,NaN,NaN
taking a stroll ,False,Good Riddance (Time of Your Life),1261707344,Green Day,NaN,NaN,NaN,NaN,NaN
taking a stroll ,False,She Hates Me,1261707344,Puddle Of Mudd,NaN,NaN,NaN,NaN,NaN
taking a stroll ,False,Glycerine - Remastered,1261707344,Bush,NaN,NaN,NaN,NaN,NaN
taking a stroll ,False,One Last Breath,1261707344,Creed,NaN,NaN,NaN,NaN,NaN
taking a stroll ,False,Higher,1261707344,Creed,NaN,NaN,NaN,NaN,NaN
taking a stroll ,False,My Sacrifice,1261707344,Creed,NaN,NaN,NaN,NaN,NaN
taking a stroll ,False,With Arms Wide Open,1261707344,Creed,NaN,NaN,NaN,NaN,NaN
taking a stroll ,False,Holiday / Boulevard of Broken Dreams,1261707344,Green Day,NaN,NaN,NaN,NaN,NaN
taking a stroll ,False,Covet,1261707344,Basement,NaN,NaN,NaN,NaN,NaN
taking a stroll ,False,Heavy,1261707344,Collective Soul,NaN,NaN,NaN,NaN,NaN
taking a stroll ,False,Youngest Daughter,1261707344,Superheaven,NaN,NaN,NaN,NaN,NaN
taking a stroll ,False,Dumb,1261707344,Nirvana,NaN,NaN,NaN,NaN,NaN
taking a stroll ,False,Never Die,1261707344,Creed,NaN,NaN,NaN,NaN,NaN
taking a stroll ,False,Black Hole Sun,1261707344,Soundgarden,NaN,NaN,NaN,NaN,NaN
taking a stroll ,False,Mayonaise - 2011 Remaster,1261707344,The Smashing Pumpkins,NaN,NaN,NaN,NaN,NaN
taking a stroll ,False,Like a Stone,1261707344,Audioslave,NaN,NaN,NaN,NaN,NaN
taking a stroll ,False,Miserable,1261707344,Lit,NaN,NaN,NaN,NaN,NaN
taking a stroll ,False,Decode,1261707344,Paramore,NaN,NaN,NaN,NaN,NaN
taking a stroll ,False,When You Sleep,1261707344,my bloody valentine,NaN,NaN,NaN,NaN,NaN
taking a stroll ,False,Wonderwall,1261707344,Oasis,NaN,NaN,NaN,NaN,NaN
taylor swift typa mood,False,Enchanted,1261707344,Taylor Swift,NaN,NaN,NaN,NaN,NaN
taylor swift typa mood,False,Red (Taylor's Version),1261707344,Taylor Swift,NaN,NaN,NaN,NaN,NaN
taylor swift typa mood,False,Our Song,1261707344,Taylor Swift,NaN,NaN,NaN,NaN,NaN
taylor swift typa mood,False,Red,1261707344,Taylor Swift,NaN,NaN,NaN,NaN,NaN
taylor swift typa mood,False,22 (Taylor's Version),1261707344,Taylor Swift,NaN,NaN,NaN,NaN,NaN
taylor swift typa mood,False,You Belong With Me,1261707344,Taylor Swift,NaN,NaN,NaN,NaN,NaN
taylor swift typa mood,False,Love Story (Taylorâ€™s Version),1261707344,Taylor Swift,NaN,NaN,NaN,NaN,NaN
taylor swift typa mood,False,Teardrops On My Guitar - Radio Single Remix,1261707344,Taylor Swift,NaN,NaN,NaN,NaN,NaN
taylor swift typa mood,False,Wildest Dreams,1261707344,Taylor Swift,NaN,NaN,NaN,NaN,NaN
taylor swift typa mood,False,Style,1261707344,Taylor Swift,NaN,NaN,NaN,NaN,NaN
taylor swift typa mood,False,Mean,1261707344,Taylor Swift,NaN,NaN,NaN,NaN,NaN
taylor swift typa mood,False,Mine,1261707344,Taylor Swift,NaN,NaN,NaN,NaN,NaN
taylor swift typa mood,False,Sparks Fly,1261707344,Taylor Swift,NaN,NaN,NaN,NaN,NaN
taylor swift typa mood,False,New Romantics,1261707344,Taylor Swift,NaN,NaN,NaN,NaN,NaN
taylor swift typa mood,False,Back To December,1261707344,Taylor Swift,NaN,NaN,NaN,NaN,NaN
taylor swift typa mood,False,Fifteen,1261707344,Taylor Swift,NaN,NaN,NaN,NaN,NaN
taylor swift typa mood,False,Speak Now,1261707344,Taylor Swift,NaN,NaN,NaN,NaN,NaN
taylor swift typa mood,False,Dear John,1261707344,Taylor Swift,NaN,NaN,NaN,NaN,NaN
big poppa,False,Hypnotize - 2014 Remaster,1261707344,The Notorious B.I.G.,NaN,NaN,NaN,NaN,NaN
big poppa,False,California Love - Original Version,1261707344,2Pac,Roger,Dr. Dre,NaN,NaN,NaN
big poppa,False,Hit 'Em Up - Single Version,1261707344,2Pac,Outlawz,NaN,NaN,NaN,NaN
big poppa,False,Big Poppa - 2005 Remaster,1261707344,The Notorious B.I.G.,NaN,NaN,NaN,NaN,NaN
big poppa,False,No More ?'s,1261707344,Eazy-E,NaN,NaN,NaN,NaN,NaN
big poppa,False,C.R.E.A.M. (Cash Rules Everything Around Me),1261707344,Wu-Tang Clan,NaN,NaN,NaN,NaN,NaN
big poppa,False,Boyz-N-The-Hood,1261707344,Eazy-E,NaN,NaN,NaN,NaN,NaN
big poppa,False,It's On,1261707344,Eazy-E,NaN,NaN,NaN,NaN,NaN
big poppa,False,Real Muthaphuckkin' G's,1261707344,Eazy-E,NaN,NaN,NaN,NaN,NaN
big poppa,False,Notorious Thugs - 2014 Remaster,1261707344,The Notorious B.I.G.,NaN,NaN,NaN,NaN,NaN
big poppa,False,It Was A Good Day,1261707344,Ice Cube,NaN,NaN,NaN,NaN,NaN
big poppa,False,The Next Episode,1261707344,Dr. Dre,Snoop Dogg,NaN,NaN,NaN,NaN
big poppa,False,Mo Money Mo Problems (feat. Puff Daddy & Mase) - 2014 Remaster,1261707344,The Notorious B.I.G.,Mase,Diddy,NaN,NaN,NaN
big poppa,False,Forgot About Dre,1261707344,Dr. Dre,Eminem,NaN,NaN,NaN,NaN
big poppa,False,You Know How We Do It,1261707344,Ice Cube,NaN,NaN,NaN,NaN,NaN
big poppa,False,Still D.R.E.,1261707344,Dr. Dre,Snoop Dogg,NaN,NaN,NaN,NaN
big poppa,False,Insane in the Brain,1261707344,Cypress Hill,NaN,NaN,NaN,NaN,NaN
big poppa,False,My Band,1261707344,D12,NaN,NaN,NaN,NaN,NaN
big poppa,False,Purple Pills,1261707344,D12,NaN,NaN,NaN,NaN,NaN
big poppa,False,"So Fresh, So Clean",1261707344,Outkast,NaN,NaN,NaN,NaN,NaN
big poppa,False,Ms. Jackson,1261707344,Outkast,NaN,NaN,NaN,NaN,NaN
big poppa,False,One Beer,1261707344,MF DOOM,NaN,NaN,NaN,NaN,NaN
big poppa,False,Rapp Snitch Knishes,1261707344,MF DOOM,Mr. Fantastik,NaN,NaN,NaN,NaN
big poppa,False,Rhymes Like Dimes,1261707344,MF DOOM,DJ Cucumber Slice,NaN,NaN,NaN,NaN
big poppa,False,Life We Live (feat. Namond Lumpkin & Edgar Fletcher),1261707344,Project Pat,Namond Lumpkin,Edgar Fletcher,NaN,NaN,NaN
big poppa,False,What's Luv? (feat. Ja-Rule & Ashanti),1261707344,Fat Joe,Ja Rule,Ashanti,NaN,NaN,NaN
big poppa,False,Suga Suga,1261707344,Baby Bash,Frankie J,NaN,NaN,NaN,NaN
big poppa,False,Doomsday,1261707344,MF DOOM,Pebbles The Invisible Girl,NaN,NaN,NaN,NaN
ğŸŒª,False,Scar Tissue,1261707344,Red Hot Chili Peppers,NaN,NaN,NaN,NaN,NaN
ğŸŒª,False,Snow (Hey Oh),1261707344,Red Hot Chili Peppers,NaN,NaN,NaN,NaN,NaN
ğŸŒª,False,"Paint It, Black",1261707344,The Rolling Stones,NaN,NaN,NaN,NaN,NaN
ğŸŒª,False,Santeria,1261707344,Sublime,NaN,NaN,NaN,NaN,NaN
ğŸŒª,False,Nothing Else Matters,1261707344,Metallica,NaN,NaN,NaN,NaN,NaN
ğŸŒª,False,Seven Nation Army,1261707344,The White Stripes,NaN,NaN,NaN,NaN,NaN
ğŸŒª,False,Paralyzer,1261707344,Finger Eleven,NaN,NaN,NaN,NaN,NaN
ğŸŒª,False,Gives You Hell,1261707344,The All-American Rejects,NaN,NaN,NaN,NaN,NaN
ğŸŒª,False,Move Along,1261707344,The All-American Rejects,NaN,NaN,NaN,NaN,NaN
ğŸŒª,False,Where Is My Mind?,1261707344,Pixies,NaN,NaN,NaN,NaN,NaN
ğŸŒª,False,The Kids Aren't Alright,1261707344,The Offspring,NaN,NaN,NaN,NaN,NaN
ğŸŒª,False,Dani California,1261707344,Red Hot Chili Peppers,NaN,NaN,NaN,NaN,NaN
ğŸŒª,False,Burnin' for You,1261707344,Blue Ã–yster Cult,NaN,NaN,NaN,NaN,NaN
ğŸŒª,False,Fly Away,1261707344,Lenny Kravitz,NaN,NaN,NaN,NaN,NaN
ğŸŒª,False,Say It Ain't So - Original Mix,1261707344,Weezer,NaN,NaN,NaN,NaN,NaN
ğŸŒª,False,In Too Deep,1261707344,Sum 41,NaN,NaN,NaN,NaN,NaN
ğŸŒª,False,Can't Stop,1261707344,Red Hot Chili Peppers,NaN,NaN,NaN,NaN,NaN
ğŸŒª,False,Spit It Out,1261707344,Slipknot,NaN,NaN,NaN,NaN,NaN
ğŸŒª,False,In the End,1261707344,Linkin Park,NaN,NaN,NaN,NaN,NaN
ğŸŒª,False,Are You Gonna Go My Way,1261707344,Lenny Kravitz,NaN,NaN,NaN,NaN,NaN
ğŸŒª,False,Lithium,1261707344,Nirvana,NaN,NaN,NaN,NaN,NaN
ğŸŒª,False,Come As You Are,1261707344,Nirvana,NaN,NaN,NaN,NaN,NaN
ğŸŒª,False,Somebody Told Me,1261707344,The Killers,NaN,NaN,NaN,NaN,NaN
ğŸŒª,False,Kryptonite,1261707344,3 Doors Down,NaN,NaN,NaN,NaN,NaN
ğŸŒª,False,Money,1261707344,Pink Floyd,NaN,NaN,NaN,NaN,NaN
ğŸŒª,False,Fortunate Son,1261707344,Creedence Clearwater Revival,NaN,NaN,NaN,NaN,NaN
ğŸŒª,False,Sex on Fire,1261707344,Kings of Leon,NaN,NaN,NaN,NaN,NaN
ğŸŒª,False,She Hates Me,1261707344,Puddle Of Mudd,NaN,NaN,NaN,NaN,NaN
ğŸŒª,False,Good Riddance (Time of Your Life),1261707344,Green Day,NaN,NaN,NaN,NaN,NaN
ğŸŒª,False,All Along the Watchtower,1261707344,Jimi Hendrix,NaN,NaN,NaN,NaN,NaN
ğŸŒª,False,Monkey Gone to Heaven,1261707344,Pixies,NaN,NaN,NaN,NaN,NaN
ğŸŒª,False,Myxomatosis,1261707344,Radiohead,NaN,NaN,NaN,NaN,NaN
ğŸŒª,False,When I Come Around,1261707344,Green Day,NaN,NaN,NaN,NaN,NaN
ğŸŒª,False,Killing In The Name,1261707344,Rage Against The Machine,NaN,NaN,NaN,NaN,NaN
ğŸŒª,False,Hash Pipe,1261707344,Weezer,NaN,NaN,NaN,NaN,NaN
ğŸŒª,False,Holiday / Boulevard of Broken Dreams,1261707344,Green Day,NaN,NaN,NaN,NaN,NaN
ğŸŒª,False,Feel Good Inc.,1261707344,Gorillaz,NaN,NaN,NaN,NaN,NaN
ğŸŒª,False,Mr. Brightside,1261707344,The Killers,NaN,NaN,NaN,NaN,NaN
ğŸŒª,False,She's My Collar (feat. Kali Uchis),1261707344,Gorillaz,Kali Uchis,NaN,NaN,NaN,NaN
ğŸŒª,False,Are You Gonna Be My Girl,1261707344,Jet,NaN,NaN,NaN,NaN,NaN
ğŸŒª,False,Pretty Fly (For A White Guy),1261707344,The Offspring,NaN,NaN,NaN,NaN,NaN
ğŸŒª,False,She's so Mean,1261707344,Matchbox Twenty,NaN,NaN,NaN,NaN,NaN
ğŸŒª,False,Basket Case,1261707344,Green Day,NaN,NaN,NaN,NaN,NaN
ğŸŒª,False,Under the Bridge,1261707344,Red Hot Chili Peppers,NaN,NaN,NaN,NaN,NaN
ğŸŒª,False,Otherside,1261707344,Red Hot Chili Peppers,NaN,NaN,NaN,NaN,NaN
ğŸŒª,False,Hard To Handle,1261707344,The Black Crowes,NaN,NaN,NaN,NaN,NaN
ğŸŒª,False,Daughter,1261707344,Pearl Jam,NaN,NaN,NaN,NaN,NaN
ğŸŒª,False,Semi-Charmed Life,1261707344,Third Eye Blind,NaN,NaN,NaN,NaN,NaN
ğŸŒª,False,Alright,1261707344,Supergrass,NaN,NaN,NaN,NaN,NaN
ğŸŒª,False,Iris,1261707344,The Goo Goo Dolls,NaN,NaN,NaN,NaN,NaN
ğŸŒª,False,Champagne Supernova,1261707344,Oasis,NaN,NaN,NaN,NaN,NaN
ğŸŒª,False,No Rain,1261707344,Blind Melon,NaN,NaN,NaN,NaN,NaN
ğŸŒª,False,Slide,1261707344,The Goo Goo Dolls,NaN,NaN,NaN,NaN,NaN
ğŸŒª,False,Losing My Religion,1261707344,R.E.M.,NaN,NaN,NaN,NaN,NaN
ğŸŒª,False,Never Let You Go - 2008 Remaster,1261707344,Third Eye Blind,NaN,NaN,NaN,NaN,NaN
ğŸŒª,False,Song 2 - 2012 Remaster,1261707344,Blur,NaN,NaN,NaN,NaN,NaN
ğŸŒª,False,The Middle,1261707344,Jimmy Eat World,NaN,NaN,NaN,NaN,NaN
ğŸŒª,False,Californication,1261707344,Red Hot Chili Peppers,NaN,NaN,NaN,NaN,NaN
ğŸŒª,False,Right Here,1261707344,Staind,NaN,NaN,NaN,NaN,NaN
ğŸŒª,False,It's Been Awhile,1261707344,Staind,NaN,NaN,NaN,NaN,NaN
ğŸŒª,False,Give It Away,1261707344,Red Hot Chili Peppers,NaN,NaN,NaN,NaN,NaN
ğŸŒª,False,Take Me Out,1261707344,Franz Ferdinand,NaN,NaN,NaN,NaN,NaN
ğŸŒª,False,Unwell,1261707344,Matchbox Twenty,NaN,NaN,NaN,NaN,NaN
ğŸŒª,False,Drive,1261707344,Incubus,NaN,NaN,NaN,NaN,NaN
ğŸŒª,False,All The Small Things,1261707344,blink-182,NaN,NaN,NaN,NaN,NaN
ğŸŒª,False,New Perspective,1261707344,Panic! At The Disco,NaN,NaN,NaN,NaN,NaN
ğŸŒª,False,My Hero,1261707344,Foo Fighters,NaN,NaN,NaN,NaN,NaN
ğŸŒª,False,Loser,1261707344,Beck,NaN,NaN,NaN,NaN,NaN
ğŸŒª,False,Beverly Hills,1261707344,Weezer,NaN,NaN,NaN,NaN,NaN
ğŸŒª,False,Why Don't You Get A Job,1261707344,The Offspring,NaN,NaN,NaN,NaN,NaN
ğŸŒª,False,Buddy Holly,1261707344,Weezer,NaN,NaN,NaN,NaN,NaN
ğŸŒª,False,Closing Time,1261707344,Semisonic,NaN,NaN,NaN,NaN,NaN
ğŸŒª,False,What I Got,1261707344,Sublime,NaN,NaN,NaN,NaN,NaN
ğŸŒª,False,Heart-Shaped Box,1261707344,Nirvana,NaN,NaN,NaN,NaN,NaN
ğŸŒª,False,I Miss You,1261707344,blink-182,NaN,NaN,NaN,NaN,NaN
ğŸŒª,False,Today - 2011 Remaster,1261707344,The Smashing Pumpkins,NaN,NaN,NaN,NaN,NaN
ğŸŒª,False,Black Hole Sun,1261707344,Soundgarden,NaN,NaN,NaN,NaN,NaN
ğŸŒª,False,Monkey Wrench,1261707344,Foo Fighters,NaN,NaN,NaN,NaN,NaN
ğŸŒª,False,Learn to Fly,1261707344,Foo Fighters,NaN,NaN,NaN,NaN,NaN
ğŸŒª,False,Best of You,1261707344,Foo Fighters,NaN,NaN,NaN,NaN,NaN
ğŸŒª,False,All My Life,1261707344,Foo Fighters,NaN,NaN,NaN,NaN,NaN
ğŸŒª,False,Come Out and Play,1261707344,The Offspring,NaN,NaN,NaN,NaN,NaN
ğŸŒª,False,Two Princes,1261707344,Spin Doctors,NaN,NaN,NaN,NaN,NaN
ğŸŒª,False,Interstate Love Song - 2019 Remaster,1261707344,Stone Temple Pilots,NaN,NaN,NaN,NaN,NaN
ğŸ‘´,False,Folsom Prison Blues,1261707344,Johnny Cash,NaN,NaN,NaN,NaN,NaN
ğŸ‘´,False,September,1261707344,"Earth, Wind & Fire",NaN,NaN,NaN,NaN,NaN
ğŸ‘´,False,Kokomo,1261707344,The Beach Boys,NaN,NaN,NaN,NaN,NaN
ğŸ‘´,False,"A Boy Named Sue - Live at San Quentin State Prison, San Quentin, CA - February 1969",1261707344,Johnny Cash,NaN,NaN,NaN,NaN,NaN
ğŸ‘´,False,Ring of Fire,1261707344,Johnny Cash,NaN,NaN,NaN,NaN,NaN
ğŸ‘´,False,I Walk the Line,1261707344,Johnny Cash,NaN,NaN,NaN,NaN,NaN
ğŸ‘´,False,Wouldn't It Be Nice - Remastered 1999,1261707344,The Beach Boys,NaN,NaN,NaN,NaN,NaN
ğŸ‘´,False,Fly Me To The Moon - 2008 Remastered,1261707344,Frank Sinatra,Count Basie,NaN,NaN,NaN,NaN
ğŸ‘´,False,Eleanor Rigby - Remastered 2015,1261707344,The Beatles,NaN,NaN,NaN,NaN,NaN
ğŸ‘´,False,Daddy Sang Bass,1261707344,Johnny Cash,NaN,NaN,NaN,NaN,NaN
ğŸ‘´,False,California Girls (Mono),1261707344,The Beach Boys,NaN,NaN,NaN,NaN,NaN
ğŸ‘´,False,Rhiannon,1261707344,Fleetwood Mac,NaN,NaN,NaN,NaN,NaN
ğŸ‘´,False,Don't Stop Believin',1261707344,Journey,NaN,NaN,NaN,NaN,NaN
ğŸ‘´,False,Dreams,1261707344,Fleetwood Mac,NaN,NaN,NaN,NaN,NaN
ğŸ‘´,False,We Will Rock You - Remastered 2011,1261707344,Queen,NaN,NaN,NaN,NaN,NaN
ğŸ‘´,False,Another One Bites The Dust - Remastered 2011,1261707344,Queen,NaN,NaN,NaN,NaN,NaN
ğŸ‘´,False,Edge of Seventeen - 2016 Remaster,1261707344,Stevie Nicks,NaN,NaN,NaN,NaN,NaN
ğŸ‘´,False,Rag Doll,1261707344,Aerosmith,NaN,NaN,NaN,NaN,NaN
ğŸ‘´,False,Sweet Emotion,1261707344,Aerosmith,NaN,NaN,NaN,NaN,NaN
ğŸ‘´,False,More Than a Feeling,1261707344,Boston,NaN,NaN,NaN,NaN,NaN
ğŸ‘´,False,Africa,1261707344,TOTO,NaN,NaN,NaN,NaN,NaN
ğŸ‘´,False,Jessie's Girl,1261707344,Rick Springfield,NaN,NaN,NaN,NaN,NaN
ğŸ‘´,False,We're Not Gonna Take It,1261707344,Donots,NaN,NaN,NaN,NaN,NaN
ğŸ‘´,False,Landslide - 2002 Remaster,1261707344,Fleetwood Mac,NaN,NaN,NaN,NaN,NaN
ğŸ‘´,False,My Sharona,1261707344,The Knack,NaN,NaN,NaN,NaN,NaN
ğŸ‘´,False,Highway to Hell,1261707344,AC/DC,NaN,NaN,NaN,NaN,NaN
ğŸ‘´,False,You Really Got Me - 2015 Remaster,1261707344,Van Halen,NaN,NaN,NaN,NaN,NaN
ğŸ‘´,False,Back In Black,1261707344,AC/DC,NaN,NaN,NaN,NaN,NaN
ğŸ‘´,False,You Give Love A Bad Name,1261707344,Bon Jovi,NaN,NaN,NaN,NaN,NaN
ğŸ‘´,False,Livin' On A Prayer,1261707344,Bon Jovi,NaN,NaN,NaN,NaN,NaN
ğŸ‘´,False,Jump - 2015 Remaster,1261707344,Van Halen,NaN,NaN,NaN,NaN,NaN
ğŸ‘´,False,Born To Be Wild - Single Version,1261707344,Steppenwolf,NaN,NaN,NaN,NaN,NaN
ğŸ‘´,False,You Shook Me All Night Long,1261707344,AC/DC,NaN,NaN,NaN,NaN,NaN
ğŸ‘´,False,Iron Man,1261707344,Black Sabbath,NaN,NaN,NaN,NaN,NaN
ğŸ‘´,False,Iron Man (Black Sabbath) (arr. T. Berens for orchestra),1261707344,Tony Iommi,Ozzy Osbourne,Geezer Butler,Bill Ward,Timothy Berens,Cincinnati Pops Orchestra
ğŸ‘´,False,Wonderwall - Remastered,1261707344,Oasis,NaN,NaN,NaN,NaN,NaN
ğŸ‘´,False,Should I Stay or Should I Go - Remastered,1261707344,The Clash,NaN,NaN,NaN,NaN,NaN
ğŸ‘´,False,Seven Nation Army,1261707344,The White Stripes,NaN,NaN,NaN,NaN,NaN
ğŸ‘´,False,One Way Or Another,1261707344,Blondie,NaN,NaN,NaN,NaN,NaN
ğŸ‘´,False,Walk This Way,1261707344,Aerosmith,NaN,NaN,NaN,NaN,NaN
ğŸ‘´,False,Dream On,1261707344,Aerosmith,NaN,NaN,NaN,NaN,NaN
ğŸ‘´,False,"I Don't Want to Miss a Thing - From ""Armageddon"" Soundtrack",1261707344,Aerosmith,NaN,NaN,NaN,NaN,NaN
ğŸ‘´,False,Fast Car,1261707344,Tracy Chapman,NaN,NaN,NaN,NaN,NaN
ğŸ‘´,False,The Middle,1261707344,Jimmy Eat World,NaN,NaN,NaN,NaN,NaN
ğŸ‘´,False,Crazy Train,1261707344,Ozzy Osbourne,NaN,NaN,NaN,NaN,NaN
ğŸ‘´,False,Demon Fire,1261707344,AC/DC,NaN,NaN,NaN,NaN,NaN
ğŸ‘´,False,Billie Jean,1261707344,Michael Jackson,NaN,NaN,NaN,NaN,NaN
ğŸ‘´,False,Rock with You - Single Version,1261707344,Michael Jackson,NaN,NaN,NaN,NaN,NaN
ğŸ‘´,False,Smooth Criminal - Radio Edit,1261707344,Michael Jackson,NaN,NaN,NaN,NaN,NaN
ğŸ‘´,False,Beat It,1261707344,Michael Jackson,NaN,NaN,NaN,NaN,NaN
ğŸ‘´,False,Under Pressure - Remastered 2011 / New Master,1261707344,Queen,David Bowie,NaN,NaN,NaN,NaN
ğŸ‘´,False,Under the Bridge,1261707344,Red Hot Chili Peppers,NaN,NaN,NaN,NaN,NaN
ğŸ‘´,False,Bohemian Rhapsody - Remastered 2011,1261707344,Queen,NaN,NaN,NaN,NaN,NaN
ğŸ‘´,False,Good Vibrations,1261707344,The Beach Boys,NaN,NaN,NaN,NaN,NaN
ğŸ‘´,False,Cryin',1261707344,Aerosmith,NaN,NaN,NaN,NaN,NaN
ğŸ‘´,False,Uptown Girl,1261707344,Billy Joel,NaN,NaN,NaN,NaN,NaN
ğŸ‘´,False,Piano Man,1261707344,Billy Joel,NaN,NaN,NaN,NaN,NaN
ğŸ‘´,False,It's Still Rock and Roll to Me,1261707344,Billy Joel,NaN,NaN,NaN,NaN,NaN
ğŸ‘´,False,The Longest Time,1261707344,Billy Joel,NaN,NaN,NaN,NaN,NaN
ğŸ‘´,False,Jackson,1261707344,Johnny Cash,June Carter Cash,NaN,NaN,NaN,NaN
ğŸ‘´,False,Blitzkrieg Bop - 2016 Remaster,1261707344,Ramones,NaN,NaN,NaN,NaN,NaN
ğŸ‘´,False,Cherry Bomb,1261707344,The Runaways,NaN,NaN,NaN,NaN,NaN
ğŸ‘´,False,Tainted Love - Remastered 2008,1261707344,Soft Cell,NaN,NaN,NaN,NaN,NaN
ğŸ‘´,False,Everybody Wants To Rule The World,1261707344,Tears For Fears,NaN,NaN,NaN,NaN,NaN
ğŸ‘´,False,Summer Of '69,1261707344,Bryan Adams,NaN,NaN,NaN,NaN,NaN
ğŸ‘´,False,Eye of the Tiger,1261707344,Survivor,NaN,NaN,NaN,NaN,NaN
ğŸ‘´,False,Sweet Dreams (Are Made of This) - 2005 Remaster,1261707344,Eurythmics,Annie Lennox,Dave Stewart,NaN,NaN,NaN
ğŸ‘´,False,Heart Of Glass - Special Mix,1261707344,Blondie,NaN,NaN,NaN,NaN,NaN
ğŸ‘´,False,We're Not Gonna Take It,1261707344,Twisted Sister,NaN,NaN,NaN,NaN,NaN
ğŸ‘´,False,Hotel California - 2013 Remaster,1261707344,Eagles,NaN,NaN,NaN,NaN,NaN
ğŸ‘´,False,Live And Let Die,1261707344,Guns N' Roses,NaN,NaN,NaN,NaN,NaN
ğŸ‘´,False,Twist And Shout - Remastered 2009,1261707344,The Beatles,NaN,NaN,NaN,NaN,NaN
ğŸ‘´,False,Can't Help Falling in Love,1261707344,Elvis Presley,NaN,NaN,NaN,NaN,NaN
ğŸ‘´,False,Any Way You Want It,1261707344,Journey,NaN,NaN,NaN,NaN,NaN
ğŸ‘´,False,Kung Fu Fighting,1261707344,Carl Douglas,NaN,NaN,NaN,NaN,NaN
ğŸ‘´,False,I'm a Believer - 2006 Remaster,1261707344,The Monkees,NaN,NaN,NaN,NaN,NaN
ğŸ‘´,False,Don't You (Forget About Me),1261707344,Simple Minds,NaN,NaN,NaN,NaN,NaN
ğŸ‘´,False,Here Comes The Sun - Remastered 2009,1261707344,The Beatles,NaN,NaN,NaN,NaN,NaN
ğŸ‘´,False,Come Together - Remastered 2009,1261707344,The Beatles,NaN,NaN,NaN,NaN,NaN
ğŸ‘´,False,Rock And Roll All Nite,1261707344,KISS,NaN,NaN,NaN,NaN,NaN
ğŸ‘´,False,Lick It Up,1261707344,KISS,NaN,NaN,NaN,NaN,NaN
ğŸ‘´,False,Detroit Rock City,1261707344,KISS,NaN,NaN,NaN,NaN,NaN
ğŸ‘´,False,I Was Made For Lovin' You,1261707344,KISS,NaN,NaN,NaN,NaN,NaN
ğŸ‘´,False,Hound Dog,1261707344,Elvis Presley,NaN,NaN,NaN,NaN,NaN
ğŸ‘´,False,Wanted Dead Or Alive,1261707344,Bon Jovi,NaN,NaN,NaN,NaN,NaN
ğŸ‘´,False,Don't Stop Me Now - Remastered 2011,1261707344,Queen,NaN,NaN,NaN,NaN,NaN
ğŸ‘´,False,(I Can't Get No) Satisfaction - Mono Version,1261707344,The Rolling Stones,NaN,NaN,NaN,NaN,NaN
ğŸ‘´,False,Panama - 2015 Remaster,1261707344,Van Halen,NaN,NaN,NaN,NaN,NaN
ğŸ‘´,False,Rebel Yell,1261707344,Billy Idol,NaN,NaN,NaN,NaN,NaN
ğŸ‘´,False,White Wedding - Pt. 1,1261707344,Billy Idol,NaN,NaN,NaN,NaN,NaN
ğŸ‘´,False,Life in the Fast Lane - 2013 Remaster,1261707344,Eagles,NaN,NaN,NaN,NaN,NaN
ğŸ‘´,False,Take It Easy - 2013 Remaster,1261707344,Eagles,NaN,NaN,NaN,NaN,NaN
ğŸ‘´,False,Live And Let Die - 2018 Remaster,1261707344,Wings,NaN,NaN,NaN,NaN,NaN
ğŸ‘´,False,I Love Rock 'N Roll,1261707344,Joan Jett & the Blackhearts,NaN,NaN,NaN,NaN,NaN
ğŸ‘´,False,Sweet Caroline,1261707344,Neil Diamond,NaN,NaN,NaN,NaN,NaN
ğŸ‘´,False,Surfin' U.S.A. - Remastered 2001,1261707344,The Beach Boys,NaN,NaN,NaN,NaN,NaN
ğŸ‘´,False,Let It Be - Remastered 2009,1261707344,The Beatles,NaN,NaN,NaN,NaN,NaN
ğŸ‘´,False,Dead End Justice,1261707344,The Runaways,NaN,NaN,NaN,NaN,NaN
ğŸ‘´,False,Bad Reputation,1261707344,Joan Jett & the Blackhearts,NaN,NaN,NaN,NaN,NaN
ğŸ‘´,False,Where Is My Mind?,1261707344,Pixies,NaN,NaN,NaN,NaN,NaN
brockhampton ,False,J'OUVERT,1261707344,BROCKHAMPTON,NaN,NaN,NaN,NaN,NaN
brockhampton ,False,GINGER,1261707344,BROCKHAMPTON,NaN,NaN,NaN,NaN,NaN
brockhampton ,False,SUGAR,1261707344,BROCKHAMPTON,NaN,NaN,NaN,NaN,NaN
brockhampton ,False,VIVID,1261707344,BROCKHAMPTON,NaN,NaN,NaN,NaN,NaN
brockhampton ,False,TONYA,1261707344,BROCKHAMPTON,NaN,NaN,NaN,NaN,NaN
brockhampton ,False,BLEACH,1261707344,BROCKHAMPTON,NaN,NaN,NaN,NaN,NaN
brockhampton ,False,GOLD,1261707344,BROCKHAMPTON,NaN,NaN,NaN,NaN,NaN
brockhampton ,False,FACE,1261707344,BROCKHAMPTON,NaN,NaN,NaN,NaN,NaN
brockhampton ,False,GUMMY,1261707344,BROCKHAMPTON,NaN,NaN,NaN,NaN,NaN
brockhampton ,False,BOOGIE,1261707344,BROCKHAMPTON,NaN,NaN,NaN,NaN,NaN
brockhampton ,False,ZIPPER,1261707344,BROCKHAMPTON,NaN,NaN,NaN,NaN,NaN
brockhampton ,False,BOY BYE,1261707344,BROCKHAMPTON,NaN,NaN,NaN,NaN,NaN
brockhampton ,False,1997 DIANA,1261707344,BROCKHAMPTON,NaN,NaN,NaN,NaN,NaN
brockhampton ,False,1998 TRUMAN,1261707344,BROCKHAMPTON,NaN,NaN,NaN,NaN,NaN
brockhampton ,False,1999 WILDFIRE,1261707344,BROCKHAMPTON,NaN,NaN,NaN,NaN,NaN
brockhampton ,False,HEAT,1261707344,BROCKHAMPTON,NaN,NaN,NaN,NaN,NaN
brockhampton ,False,RENTAL,1261707344,BROCKHAMPTON,NaN,NaN,NaN,NaN,NaN
brockhampton ,False,STAINS,1261707344,BROCKHAMPTON,NaN,NaN,NaN,NaN,NaN
brockhampton ,False,IF YOU PRAY RIGHT,1261707344,BROCKHAMPTON,NaN,NaN,NaN,NaN,NaN
brockhampton ,False,NO HALO,1261707344,BROCKHAMPTON,NaN,NaN,NaN,NaN,NaN
brockhampton ,False,TAPE,1261707344,BROCKHAMPTON,NaN,NaN,NaN,NaN,NaN
brockhampton ,False,WASTE,1261707344,BROCKHAMPTON,NaN,NaN,NaN,NaN,NaN
brockhampton ,False,FAKE,1261707344,BROCKHAMPTON,NaN,NaN,NaN,NaN,NaN
brockhampton ,False,JELLO,1261707344,BROCKHAMPTON,NaN,NaN,NaN,NaN,NaN
brockhampton ,False,SUMMER,1261707344,BROCKHAMPTON,NaN,NaN,NaN,NaN,NaN
brockhampton ,False,TOKYO,1261707344,BROCKHAMPTON,NaN,NaN,NaN,NaN,NaN
brockhampton ,False,QUEER,1261707344,BROCKHAMPTON,NaN,NaN,NaN,NaN,NaN
brockhampton ,False,NEW ORLEANS,1261707344,BROCKHAMPTON,NaN,NaN,NaN,NaN,NaN
brockhampton ,False,LOVE ME FOR LIFE,1261707344,BROCKHAMPTON,NaN,NaN,NaN,NaN,NaN
brockhampton ,False,BEN CARSON,1261707344,BROCKHAMPTON,NaN,NaN,NaN,NaN,NaN
brockhampton ,False,SWEET,1261707344,BROCKHAMPTON,NaN,NaN,NaN,NaN,NaN
brockhampton ,False,HONEY,1261707344,BROCKHAMPTON,NaN,NaN,NaN,NaN,NaN
brockhampton ,False,STAR,1261707344,BROCKHAMPTON,NaN,NaN,NaN,NaN,NaN
brockhampton ,False,ST. PERCY,1261707344,BROCKHAMPTON,NaN,NaN,NaN,NaN,NaN
brockhampton ,False,BANKROLL (feat. A$AP Rocky & A$AP Ferg),1261707344,BROCKHAMPTON,A$AP Rocky,A$AP Ferg,NaN,NaN,NaN
brockhampton ,False,HEAVEN BELONGS TO YOU,1261707344,BROCKHAMPTON,NaN,NaN,NaN,NaN,NaN
brockhampton ,False,WEIGHT,1261707344,BROCKHAMPTON,NaN,NaN,NaN,NaN,NaN
brockhampton ,False,I BEEN BORN AGAIN,1261707344,BROCKHAMPTON,NaN,NaN,NaN,NaN,NaN
brockhampton ,False,CANNON,1261707344,BROCKHAMPTON,NaN,NaN,NaN,NaN,NaN
brockhampton ,False,MICHIGAN,1261707344,BROCKHAMPTON,NaN,NaN,NaN,NaN,NaN
brockhampton ,False,SWAMP,1261707344,BROCKHAMPTON,NaN,NaN,NaN,NaN,NaN
brockhampton ,False,SAN MARCOS,1261707344,BROCKHAMPTON,NaN,NaN,NaN,NaN,NaN
brockhampton ,False,WHERE THE CASH AT,1261707344,BROCKHAMPTON,NaN,NaN,NaN,NaN,NaN
brockhampton ,False,DISTRICT,1261707344,BROCKHAMPTON,NaN,NaN,NaN,NaN,NaN
brockhampton ,False,BERLIN,1261707344,BROCKHAMPTON,NaN,NaN,NaN,NaN,NaN
brockhampton ,False,THUG LIFE,1261707344,BROCKHAMPTON,NaN,NaN,NaN,NaN,NaN
brockhampton ,False,FABRIC,1261707344,BROCKHAMPTON,NaN,NaN,NaN,NaN,NaN
